address,amount
0x9401b701541aEfB1DA78fc158f9C39613b24A815,0.01392
0xfaAb9425366Cf3137C19967a7446860D2B5034b4,0.03828